Workbook
Name \A: #REF!
Name \B: #REF!
Name \C: #REF!
Name \D: #REF!
Name \E: #REF!
Name \F: #REF!
Name \G: #REF!
Name \H: #REF!
Name \I: #REF!
Name \L: #REF!
Name \M: #REF!
Name \P: #REF!
Name \Y: #REF!
Name \Z: #REF!
Name _____TOT58: #REF!
Name ____TOT58: #REF!
Name ___TOT58: #REF!
Name __TOT58: #REF!
Name _88: #REF!
Name _89: #REF!
Name _aaV110: #REF!
Name _aIV114: #REF!
Name _aIV190: #REF!
Name _DLX1.EMA: #REF!
Name _DLX1.EMG: #REF!
Name _DLX1.EMR: #REF!
Name _DLX10.EMA: #REF!
Name _DLX11.EMA: #REF!
Name _DLX12.EMA: #REF!
Name _DLX13.EMA: #REF!
Name _DLX14.EMA: #REF!
Name _DLX16.EMA: #REF!
Name _DLX2.EMA: #REF!
Name _DLX2.EMA: #REF!
Name _DLX2.EMG: #REF!
Name _DLX3.EMA: #REF!
Name _DLX4.EMA: #REF!
Name _DLX4.EMG: #REF!
Name _DLX5.EMA: #REF!
Name _DLX6.EMA: #REF!
Name _DLX7.EMA: #REF!
Name _DLX8.EMA: #REF!
Name _DLX9.EMA: #REF!
Name _EX9596: #REF!
Name _qV196: #REF!
Name _ref2: #REF!
Name _TOT58: #REF!
Name A: #REF!
Name a\V104: #REF!
Name aa: #REF!
Name abx: #REF!
Name Actual: #REF!
Name adaD: #REF!
Name adrra: #REF!
Name ALLBIRR: #REF!
Name AllData: #REF!
Name ALLSDR: #REF!
Name alpha: #REF!
Name apigraphs: #N/A
Name appendix: #REF!,#REF!,#REF!

Sheet Read Me
A1: Figure 18. Fertilizer markets
A2: ='18.A'!A1 -> Figure 18.A. Fertilizer prices
A3: ='18.B'!A1 -> Figure 18.B. Fertilizer input costs
A4: ='18.C'!A1 -> Figure 18.C. Fertilizer exports from China, cumulative through February
A5: ='18.D'!A1 -> Figure 18.D. Fertilizer affordability indexes
A6: ='18.E'!A1 -> Figure 18.E. Fertilizer exports from the Middle East as share of global exports
A7: ='18.F'!A1 -> Figure 18.F. Global fertilizer exports as share of global production

Sheet 18.A
A1: Figure 18.A. Fertilizer prices
R2: DAP | S2: Urea | T2: MOP
Q3: 43831 | R3: 264.9 | S3: 215.4 | T3: 268.7
Q4: 43862 | R4: 279.4 | S4: 214.4 | T4: 243.4
Q5: 43891 | R5: 276.2 | S5: 231.1 | T5: 235
Q6: 43922 | R6: 282 | S6: 235 | T6: 220.4
Q7: 43952 | R7: 263 | S7: 201.9 | T7: 222.2
Q8: 43983 | R8: 273 | S8: 202 | T8: 226.3
Q9: 44013 | R9: 305.1 | S9: 214.4 | T9: 237.5
Q10: 44044 | R10: 341.9 | S10: 249.5 | T10: 240.4
Q11: 44075 | R11: 358.4 | S11: 250.5 | T11: 247.8
Q12: 44105 | R12: 357.1 | S12: 245 | T12: 255
Q13: 44136 | R13: 359.6 | S13: 245 | T13: 250
Q14: 44166 | R14: 388.5 | S14: 245 | T14: 246.3
... Q33: 44743 | R33: 784 | S33: 601 | T33: 1013
A34: Sources: Bloomberg L.P. - Green Markets; World Bank. | Q34: 44774 | R34: 749.4 | S34: 591.3 | T34: 888.8
A35: Note: DAP = diammonium phosphate; MOP = muriate of potassium; mt = metric tons. Monthly series. Last observation is March 2026. | Q35: 44805 | R35: 752 | S35: 678 | T35: 731
Q36: 44835 | R36: 725 | S36: 636.3 | T36: 622.5
Q37: 44866 | R37: 665.6 | S37: 588.8 | T37: 563.1
A38: Return to Read Me | Q38: 44896 | R38: 625 | S38: 519.4 | T38: 513.8
Q39: 44927 | R39: 631 | S39: 443.8 | T39: 508.8
Q40: 44958 | R40: 612.5 | S40: 357.5 | T40: 496.9
Q41: 44986 | R41: 606 | S41: 313.5 | T41: 453
Q42: 45017 | R42: 637 | S42: 313.4 | T42: 407.5
Q43: 45047 | R43: 510 | S43: 329.3 | T43: 372.5
Q44: 45078 | R44: 454.6 | S44: 287.5 | T44: 328
Q45: 45108 | R45: 458.8 | S45: 334.6 | T45: 341.3
Q46: 45139 | R46: 528.8 | S46: 385.6 | T46: 353.1
Q47: 45170 | R47: 527.9 | S47: 380 | T47: 352
Q48: 45200 | R48: 534.8 | S48: 411.4 | T48: 341.9
Q49: 45231 | R49: 535.6 | S49: 385.5 | T49: 331.9
Q50: 45261 | R50: 563.8 | S50: 354 | T50: 311.9
... Q77: 46110 | R77: 658.3 | S77: 725.6 | T77: 380.6

Sheet 18.B
A1: Figure 18.B. Fertilizer input costs
S2: Ammonia (Tampa), cfr | T2: Liquid sulfur (Tampa), fob | U2: Natural gas (Europe), TTF (RHS)
R3: 43831 | S3: 250 | T3: 39 | U3: 3.6
R4: 43862 | S4: 250 | T4: 36 | U4: 2.9
R5: 43891 | S5: 250 | T5: 36 | U5: 2.7
R6: 43922 | S6: 246.6 | T6: 44.2 | U6: 2.1
R7: 43952 | S7: 234.2 | T7: 54 | U7: 1.6
R8: 43983 | S8: 216.2 | T8: 54 | U8: 1.8
R9: 44013 | S9: 205 | T9: 56.4 | U9: 1.8
R10: 44044 | S10: 205.7 | T10: 57.5 | U10: 2.9
R11: 44075 | S11: 212 | T11: 57.5 | U11: 4
R12: 44105 | S12: 229.2 | T12: 65.9 | U12: 4.9
R13: 44136 | S13: 235 | T13: 69 | U13: 4.8
R14: 44166 | S14: 252.4 | T14: 69 | U14: 5.9
... R32: 44713 | S32: 1000 | T32: 481 | U32: 33.6
A33: Sources: Bloomberg; World Bank. | R33: 44743 | S33: 966.7 | T33: 413.4 | U33: 51.3
A34: Note: cfr=cost and freight; fob=free on board; mmbtu = million British thermal units; mt=metric tons; RHS = right hand scale; TTF = title transfer facility. Monthly series. Last observation is March 2026. | R34: 44774 | S34: 1108.7 | T34: 352 | U34: 70
R35: 44805 | S35: 1151.1 | T35: 352 | U35: 59.1
R36: 44835 | S36: 1172.6 | T36: 202.3 | U36: 39
A37: Return to Read Me | R37: 44866 | S37: 1150 | T37: 90 | U37: 35.7
R38: 44896 | S38: 1035.5 | T38: 90 | U38: 36
R39: 44927 | S39: 959.8 | T39: 104.5 | U39: 20.2
R40: 44958 | S40: 760 | T40: 130 | U40: 16.5
R41: 44986 | S41: 583.3 | T41: 130 | U41: 13.8
R42: 45017 | S42: 432.3 | T42: 121.9 | U42: 13.5
R43: 45047 | S43: 373 | T43: 103 | U43: 10.1
R44: 45078 | S44: 337.5 | T44: 103 | U44: 10.4
R45: 45108 | S45: 286 | T45: 75.6 | U45: 9.5
R46: 45139 | S46: 295 | T46: 55 | U46: 11.2
R47: 45170 | S47: 398.8 | T47: 55 | U47: 11.5
R48: 45200 | S48: 581.8 | T48: 82.8 | U48: 14.6
R49: 45231 | S49: 625 | T49: 102 | U49: 14.5
... R77: 46082 | S77: 638.6 | T77: 495.7 | U77: 17.9

Sheet 18.C
A1: Figure 18.C. Fertilizer exports from China, cumulative through February
Q4: 2021 | R4: 2022 | S4: 2023 | T4: 2024 | U4: 2025 | V4: 2026
P5: Urea | Q5: 0.43 | R5: 0.24 | S5: 0.41 | T5: 0.02 | U5: 0 | V5: 0.22
P6: DAP | Q6: 0.4 | R6: 0.36 | S6: 0.37 | T6: 0.12 | U6: 0.06 | V6: 0.02
A34: Sources: General Administration of Customs of the People’s Republic of China; World Bank.
A35: Note: DAP = diammonium phosphate; mt = metric ton. Bars show total exports of DAP and urea from China during January and February each year.
A38: Return to Read Me

Sheet 18.D
A1: Figure 18.D. Fertilizer affordability indexes
S3: DAP | T3: Urea | U3: MOP
R4: 43831 | S4: 0.85 | T4: 0.85 | U4: 0.72
R5: 43862 | S5: 0.9 | T5: 0.88 | U5: 0.68
R6: 43891 | S6: 0.93 | T6: 0.97 | U6: 0.68
R7: 43922 | S7: 0.95 | T7: 1.01 | U7: 0.65
R8: 43952 | S8: 0.95 | T8: 0.87 | U8: 0.66
R9: 43983 | S9: 0.9 | T9: 0.85 | U9: 0.65
R10: 44013 | S10: 0.98 | T10: 0.89 | U10: 0.67
R11: 44044 | S11: 1.01 | T11: 1.01 | U11: 0.67
R12: 44075 | S12: 0.99 | T12: 0.97 | U12: 0.66
R13: 44105 | S13: 0.98 | T13: 0.92 | U13: 0.65
R14: 44136 | S14: 0.93 | T14: 0.87 | U14: 0.61
R15: 44166 | S15: 0.99 | T15: 0.84 | U15: 0.58
... R33: 44713 | S33: 1.67 | T33: 1.75 | U33: 1.92
A34: Sources: Bloomberg L.P. - Green Markets; World Bank. | R34: 44743 | S34: 1.84 | T34: 1.67 | U34: 1.93
A35: Note: DAP = diammonium phosphate; MOP = muriate of potassium; mt = metric tons. Monthly series. Last observation is March 2026. Fertilizer affordability is calculated as the ratio of fertilizer prices to the food price index. | R35: 44774 | S35: 1.78 | T35: 1.66 | U35: 1.71
R36: 44805 | S36: 1.79 | T36: 1.91 | U36: 1.41
R37: 44835 | S37: 1.7 | T37: 1.78 | U37: 1.19
A38: Return to Read Me | R38: 44866 | S38: 1.58 | T38: 1.65 | U38: 1.08
R39: 44896 | S39: 1.5 | T39: 1.48 | U39: 1
R40: 44927 | S40: 1.46 | T40: 1.26 | U40: 0.99
R41: 44958 | S41: 1.39 | T41: 1.01 | U41: 0.96
R42: 44986 | S42: 1.4 | T42: 0.91 | U42: 0.9
R43: 45017 | S43: 1.4 | T43: 0.88 | U43: 0.79
R44: 45047 | S44: 1.27 | T44: 0.96 | U44: 0.74
R45: 45078 | S45: 1.06 | T45: 0.87 | U45: 0.68
R46: 45108 | S46: 1.05 | T46: 1 | U46: 0.7
R47: 45139 | S47: 1.23 | T47: 1.17 | U47: 0.73
R48: 45170 | S48: 1.23 | T48: 1.13 | U48: 0.72
R49: 45200 | S49: 1.27 | T49: 1.24 | U49: 0.71
R50: 45231 | S50: 1.24 | T50: 1.15 | U50: 0.68
... R78: 46082 | S78: 1.88 | T78: 2.3 | U78: 0.83

Sheet 17.C
A1: Figure 17.C. Fertilizer affordability index | R1: DAP Index | S1: Urea Index | T1: MOP Index
Q2: 43831 | R2: 0.7 | S2: 0.8 | T2: 0.7
Q3: 43862 | R3: 0.8 | S3: 0.9 | T3: 0.7
Q4: 43891 | R4: 0.8 | S4: 1 | T4: 0.7
Q5: 43922 | R5: 0.8 | S5: 1 | T5: 0.7
Q6: 43952 | R6: 0.8 | S6: 0.9 | T6: 0.7
Q7: 43983 | R7: 0.8 | S7: 0.8 | T7: 0.6
Q8: 44013 | R8: 0.9 | S8: 0.9 | T8: 0.7
Q9: 44044 | R9: 1 | S9: 1 | T9: 0.7
Q10: 44075 | R10: 1 | S10: 1 | T10: 0.7
Q11: 44105 | R11: 0.9 | S11: 0.9 | T11: 0.7
Q12: 44136 | R12: 0.9 | S12: 0.9 | T12: 0.6
Q13: 44166 | R13: 0.9 | S13: 0.8 | T13: 0.6
... Q32: 44743 | R32: 1.5 | S32: 1.7 | T32: 1.9
A33: Source: World Bank. | Q33: 44774 | R33: 1.5 | S33: 1.7 | T33: 1.7
A34: Note: DAP = diammonium phosphate; MOP = muriate of potassium; mt = metric tons. Ratio of fertilizer prices to the food price index. A rising ratio indicates reduced affordability of fertilizers relative to food prices, while a declining ratio suggests improved affordability. Last observation is March 2025. | Q34: 44805 | R34: 1.5 | S34: 1.9 | T34: 1.4
Q35: 44835 | R35: 1.4 | S35: 1.8 | T35: 1.2
Q36: 44866 | R36: 1.3 | S36: 1.7 | T36: 1.1
Q37: 44896 | R37: 1.2 | S37: 1.5 | T37: 1
A38: Return to Read Me | Q38: 44927 | R38: 1.2 | S38: 1.3 | T38: 1
Q39: 44958 | R39: 1.2 | S39: 1 | T39: 1
Q40: 44986 | R40: 1.2 | S40: 0.9 | T40: 0.9
Q41: 45017 | R41: 1.3 | S41: 0.9 | T41: 0.8
Q42: 45047 | R42: 1 | S42: 1 | T42: 0.7
Q43: 45078 | R43: 1 | S43: 0.9 | T43: 0.7
Q44: 45108 | R44: 1 | S44: 1 | T44: 0.7
Q45: 45139 | R45: 1.1 | S45: 1.2 | T45: 0.7
Q46: 45170 | R46: 1.1 | S46: 1.1 | T46: 0.7
Q47: 45200 | R47: 1.1 | S47: 1.2 | T47: 0.7
Q48: 45231 | R48: 1.1 | S48: 1.2 | T48: 0.7
Q49: 45261 | R49: 1.2 | S49: 1.1 | T49: 0.7
Q50: 45292 | R50: 1.3 | S50: 1 | T50: 0.6
... Q70: 45918 | R70: 2.4205511 | S70: 1.5894744 | T70: 0.83160756

Sheet 16.D
A1: Figure 14.C. Cumulative fertilizer exports by China
Q4: Sum of DAP and Urea | R4: 2019-21 average | S4: 2022 | T4: 2023 | U4: 2024 | V4: 2025 | W4: 2026 | Y4: 2019 | Z4: 2020 | AA4: 2021 | AB4: 2022 | AC4: 2023 | AD4: 2024 | AE4: 2025
Q5: Jan | R5: 0.6 | S5: 0.3 | T5: 0.5 | U5: 0.12 | V5: 0.02 | W5: =(31+1)/100 -> 0.32 | X5: Urea | Y5: 494 | Z5: 545 | AA5: 529 | AB5: 283 | AC5: 425 | AD5: 26 | AE5: 490
Q6: Feb | R6: 1.1 | S6: 0.6 | T6: 0.8 | U6: 0.14 | V6: =(1+8)/100 -> 0.09 | W6: =(11+1)/100 -> 0.12 | X6: DAP | Y6: 647 | Z6: 573 | AA6: 625 | AB6: 358 | AC6: 504 | AD6: 456 | AE6: 1687 | AL6: 2019 | AM6: 2020 | AN6: 2021 | AO6: 2022 | AP6: 2023 | AQ6: 2024 | AR6: 2025 | AU6: DAP | AV6: Urea
Q7: Mar | R7: 1.9 | S7: 1.1 | T7: 1.2 | U7: 0.17 | V7: =(1+8)/100 -> 0.09 | AJ7: DAP | AK7: Jan | AL7: 3.9 | AM7: 1.1 | AN7: 1.2 | AO7: 2.5
Q8: Apr | R8: 2.6 | S8: 1.4 | T8: 1.6 | U8: 0.57 | V8: =(1+8)/100 -> 0.09 | Y8: 2019 | Z8: 2020 | AA8: 2021 | AB8: 2022 | AC8: 2023 | AD8: 2024 | AE8: 2025 | AK8: Feb | AL8: 7.2 | AM8: 2.6 | AN8: 4 | AO8: 3.6
Q9: May | R9: 3.7 | S9: 1.6 | T9: 2.3 | U9: 1.1 | V9: =(1+9)/100 -> 0.1 | X9: Urea | Y9: =Y5/100 -> 4.94 | Z9: =Z5/100 -> 5.45 | AA9: =AA5/100 -> 5.29 | AB9: =AB5/100 -> 2.83 | AC9: =AC5/100 -> 4.25 | AD9: =AD5/100 -> 0.26 | AE9: =AE5/100 -> 4.9 | AK9: Mar | AL9: 11.1 | AM9: 8.1 | AN9: 9.2 | AO9: 7.4
Q10: Jun | R10: 4.6 | S10: 2 | T10: 3.4 | U10: 1.65 | V10: =(7+51)/100 -> 0.58 | X10: DAP | Y10: =Y6/100 -> 6.47 | Z10: =Z6/100 -> 5.73 | AA10: =AA6/100 -> 6.25 | AB10: =AB6/100 -> 3.58 | AC10: =AC6/100 -> 5.04 | AD10: =AD6/100 -> 4.56 | AE10: =AE6/100 -> 16.87 | AK10: Apr | AL10: 16.5 | AM10: 12.1 | AN10: 13.7 | AO10: 9.3
Q11: Jul | R11: 5.7 | S11: 2.5 | T11: 4.3 | U11: 2.24 | V11: =(57+98)/100 -> 1.55 | AK11: May | AL11: 21.5 | AM11: 14.8 | AN11: 23 | AO11: 10.9
Q12: Aug | R12: 6.7 | S12: 3.4 | T12: 4.9 | U12: 2.87 | V12: =(80+55)/100 -> 1.35 | AK12: Jun | AL12: 27.5 | AM12: 20.4 | AN12: 32.1 | AO12: 12.9
Q13: Sep | R13: 8.2 | S13: 4.2 | T13: 6.4 | U13: =(U14+U12)/2 -> 3.305 | V13: =(137+39)/100 -> 1.76 | AK13: Jul | AL13: 36.3 | AM13: 28.1 | AN13: 41.9 | AO13: 16.3
Q14: Oct | R14: 9.6 | S14: 5.1 | T14: 7.4 | U14: =(U15+U12)/2 -> 3.74 | V14: =(120+36)/100 -> 1.56 | AK14: Aug | AL14: 41.3 | AM14: 36.1 | AN14: 47.4 | AO14: 21.5
Q15: Nov | R15: 10.7 | S15: 5.6 | T15: 8.6 | U15: 4.61 | V15: =(60+45)/100 -> 1.05 | AK15: Sep | AL15: 48.3 | AM15: 41.8 | AN15: 52.9 | AO15: 26.2
Q16: Dec | R16: 11.4 | S16: 6.4 | T16: 9.3 | U16: =(26+456)/100 -> 4.82 | V16: =(28+16)/100 -> 0.44 | AK16: Oct | AL16: 53.5 | AM16: 47.7 | AN16: 60.8 | AO16: 31.3
AK17: Nov | AL17: 61.2 | AM17: 52.5 | AN17: 62.1 | AO17: 33.3
AK18: Dec | AL18: 64.9 | AM18: 57.4 | AN18: 62.4 | AO18: 35.8 | AP18: 204 | AQ18: 456 | AR18: 287
AJ20: Urea | AK20: Jan | AL20: 5.9 | AM20: 3.1 | AN20: 2.9 | AO20: 0.9
AK21: Feb | AL21: 9.8 | AM21: 5.1 | AN21: 4.3 | AO21: 2.4
AK22: Mar | AL22: 13.1 | AM22: 7.8 | AN22: 8 | AO22: 3.1
AK23: Apr | AL23: 14.1 | AM23: 8.9 | AN23: 13.4 | AO23: 4.6
AK24: May | AL24: 16.3 | AM24: 14.9 | AN24: 19.4 | AO24: 5.5
AK25: Jun | AL25: 17.7 | AM25: 17.1 | AN25: 24.2 | AO25: 7.4
AK26: Jul | AL26: 20.4 | AM26: 18.9 | AN26: 26.6 | AO26: 8.7
V27: =(9+25)/100 -> 0.34 | AK27: Aug | AL27: 27 | AM27: 20.9 | AN27: 29.2 | AO27: 12.3
AK28: Sep | AL28: 32.5 | AM28: 29.2 | AN28: 40.1 | AO28: 15.7
AK29: Oct | AL29: 39 | AM29: 40.1 | AN29: 47.5 | AO29: 19.2
AK30: Nov | AL30: 43.6 | AM30: 48.6 | AN30: 52.5 | AO30: 23
AK31: Dec | AL31: 49.6 | AM31: 54.4 | AN31: 52.9 | AO31: 283 | AP31: 425 | AQ31: 26 | AR31: 401
A32: Source: General Administration of Customs of the Republic of China.
A33: Note: DAP = diammonium phosphate; MOP = muriate of potassium; mt = metric tons. Monthly series. Lines show the sum of DAP and Urea exports by China. | AL33: 2019 | AM33: 2020 | AN33: 2021 | AO33: 2022 | AP33: 2023 | AQ33: 2024 | AR33: 2025
AK34: DAP | AL34: =AL18/10 -> 6.49 | AM34: =AM18/10 -> 5.74 | AN34: =AN18/10 -> 6.24 | AO34: =AO18/10 -> 3.58 | AP34: =AP18/100 -> 2.04 | AQ34: =AQ18/100 -> 4.56 | AR34: =AR18/100 -> 2.87
A35: Return to Read Me | AK35: Urea | AL35: =AL31/10 -> 4.96 | AM35: =AM31/10 -> 5.44 | AN35: =AN31/10 -> 5.29 | AO35: =AO31/100 -> 2.83 | AP35: =AP31/100 -> 4.25 | AQ35: =AQ31/100 -> 0.26 | AR35: =AR31/100 -> 4.01
AL39: 2019 | AM39: 2020 | AN39: 2021 | AO39: 2022 | AP39: 2023 | AQ39: 2024 | AR39: 2025
AK40: Urea | AL40: =AL35 -> 4.96 | AM40: =AM35 -> 5.44 | AN40: =AN35 -> 5.29 | AO40: =AO35 -> 2.83 | AP40: =AP35 -> 4.25 | AQ40: =AQ35 -> 0.26 | AR40: 4.89
AK41: DAP | AL41: =AL34 -> 6.49 | AM41: =AM34 -> 5.74 | AN41: =AN34 -> 6.24 | AO41: =AO34 -> 3.58 | AP41: =AP34 -> 2.04 | AQ41: =AQ34 -> 4.56 | AR41: 3.48
AK57: Dec | AL57: 20000 | AM57: 367200

Sheet 18.E
A1: Figure 18.E. Fertilizer exports from the Middle East as share of global exports
K3: Fertilizers | L3: Urea | M3: 40.6
L4: DAP/MAP | M4: 20.5
L5: Potash | M5: 9.9
K6: Feedstock | L6: Ammonia | M6: 27.6
L7: Sulphur | M7: 19.3
L8: Natural gas | M8: 15.4
L9: Phosphate rock | M9: 26.3
A34: Sources: Energy Institute (database); S&P Global; The International Fertilizer Association (database); World Bank.
A35: Note: DAP = diammonium phosphate; MAP = monoammonium phosphate. Data refer to 2024. The “Middle East” classification follows source-specific definitions (Energy Institute, International Fertilizer Association, and S&P Global), which may differ across datasets. Note that estimates of the region’s role in global fertilizer production, trade, and market exposure vary across reports, reflecting differences in reference year, data sources (e.g., FAO, IFA, UNCTAD, WITS), trade definitions (global vs. seaborne), units (volume, value, or nutrient content), and geographic scope (e.g., West Asia, Middle East, Gulf countries).
A42: Return to Read Me

Sheet 18.F
A1: Figure 18.F. Global fertilizer exports as share of global production
P3: Fertilizers | Q3: Urea | R3: 26.9
Q4: DAP/MAP | R4: 43.1
Q5: Potash | R5: 78.3
P6: Feedstock | Q6: Ammonia | R6: 8.5
Q7: Sulphur | R7: 48.8
Q8: Natural gas | R8: 27.6
Q9: Phosphate rock | R9: 13
A34: Sources: S&P Global; The Energy Institute; The International Fertilizer Association (IFA); World Bank.
A35: Note: DAP = diammonium phosphate; MAP = monoammonium phosphate. Data refer to 2024. The “Middle East” classification follows source-specific definitions (Energy Institute, International Fertilizer Association, and S&P Global), which may differ across datasets. Note that estimates of the region’s role in global fertilizer production, trade, and market exposure vary across reports, reflecting differences in reference year, data sources (e.g., FAO, IFA, UNCTAD, WITS), trade definitions (global vs. seaborne), units (volume, value, or nutrient content), and geographic scope (e.g., West Asia, Middle East, Gulf countries).
A43: Return to Read Me
